plot_id;species_ids
CBN-PdlC-D2-20170906;[]
CBN-PdlC-D3-20200812;[]
CBN-PdlC-D4-20190701;[]
CBN-PdlC-A3-20180702;[]
CBN-PdlC-D5-20150701;[]
CBN-Pla-E4-20140902;[1392015]
CBN-PdlC-D4-20150720;[]
CBN-Pla-D2-20130808;[1652912]
OPTMix-0593-P2-180-20231205;[]
CBN-Pla-C4-20150723;[]
CBN-Pla-B5-20180906;[]
CBN-PdlC-F3-20150831;[]
CBN-PdlC-A1-20190909;[]
CBN-PdlC-E2-20200812;[]
CBN-Pla-C3-20200814;[1363309]
CBN-Pla-D2-20200723;[1392015]
CBN-Pla-A4-20140902;[]
OPTMix-0178-P1-661-20231006;[]
CBN-Pla-F3-20140722;[]
CBN-PdlC-E1-20180702;[]
CBN-PdlC-D6-20180815;[]
CBN-PdlC-F4-20190722;[]
CBN-Pla-F4-20140722;[]
OPTMix-0214-P1-208-20231010;[]
CBN-PdlC-B6-20200722;[]
RNNB-4-6-20240118;[]
RNNB-8-2-20240118;[]
CBN-PdlC-E1-20200629;[]
CBN-Pla-C3-20180724;[]
CBN-PdlC-B4-20180702;[1722416]
CBN-PdlC-F2-20180815;[]
CBN-PdlC-D2-20140901;[]
OPTMix-0598-P1-198-20231205;[]
CBN-PdlC-D4-20190812;[]
CBN-PdlC-A3-20150701;[]
OPTMix-0593-P3-87-20231205;[]
CBN-Pla-B5-20160728;[]
CBN-Pla-C2-20150723;[1392015]
RNNB-8-4-20240118;[]
CBN-Pla-F1-20140722;[]
CBN-PdlC-C2-20190812;[1373165]
CBN-PdlC-E4-20140901;[]
CBN-Pla-E4-20200814;[]
CBN-PdlC-C1-20170906;[]
CBN-Pla-F4-20150901;[1363309]
CBN-Pla-E2-20180816;[]
CBN-PdlC-F3-20130807;[]
CBN-can-C3-20230705;[]
CBN-Pla-E2-20180906;[]
CBN-PdlC-D1-20140811;[]
CBN-PdlC-D3-20140901;[]
CBN-PdlC-D4-20140901;[1389330]
CBN-Pla-B1-20150811;[]
RNNB-3-9-20240117;[1722501]
CBN-PdlC-C6-20150720;[]
CBN-Pla-B2-20150723;[]
CBN-Pla-B6-20160707;[]
CBN-PdlC-A6-20150701;[1395190]
CBN-PdlC-C6-20190812;[]
CBN-can-F2-20230706;[]
CBN-PdlC-A4-20160726;[]
RNNB-6-4-20240118;[]
CBN-PdlC-F4-20180723;[]
CBN-Pla-A1-20190723;[]
CBN-PdlC-B1-20180815;[]
CBN-PdlC-A6-20130807;[1395190]
CBN-PdlC-E3-20160705;[]
CBN-Pla-D5-20190723;[]
CBN-PdlC-C5-20190812;[1724565]
OPTMix-0593-P2-84-20231205;[]
CBN-Pla-F6-20180816;[1392015]
CBN-Pla-C2-20150811;[]
CBN-PdlC-C5-20150720;[1391833, 1402995]
CBN-PdlC-C6-20190701;[]
CBN-PdlC-E3-20130903;[]
CBN-Pla-C5-20180816;[]
CBN-PdlC-A5-20130807;[]
RNNB-4-3-20240117;[]
CBN-Pla-B1-20190814;[1720968]
CBN-PdlC-E6-20200812;[1373840]
CBN-PdlC-E4-20170906;[]
RNNB-4-7-20240117;[]
CBN-PdlC-C6-20180815;[]
RNNB-8-5-20240118;[]
CBN-PdlC-C3-20150720;[]
CBN-can-C4-20230705;[]
CBN-Pla-F1-20130904;[1391743]
CBN-Pla-B2-20140722;[]
CBN-Pla-D5-20180816;[]
CBN-PdlC-B5-20140630;[]
CBN-Pla-A2-20130808;[]
CBN-PdlC-F5-20200812;[]
CBN-PdlC-E4-20130903;[]
RNNB-5-8-20240118;[]
CBN-PdlC-A4-20130807;[1395495]
CBN-PdlC-A4-20170816;[]
RNNB-4-9-20240118;[]
CBN-Pla-D6-20180906;[]
CBN-Pla-B2-20180816;[]
CBN-Pla-A4-20160707;[]
CBN-PdlC-C2-20180815;[]
CBN-PdlC-B2-20150831;[]
CBN-PdlC-B1-20140721;[]
CBN-PdlC-F5-20150810;[]
CBN-Pla-F5-20180906;[]
OPTMix-0200-P3-139-20231009;[1363553]
OPTMix-057-P1-1913-20231010;[]
CBN-can-B4-20230705;[]
CBN-PdlC-C5-20190722;[]
CBN-PdlC-A5-20150831;[]
CBN-Pla-D1-20180906;[]
CBN-Pla-E1-20180906;[1363309]
CBN-PdlC-B5-20140721;[]
CBN-Pla-B3-20150811;[]
RNNB-1-4-20240117;[]
CBN-Pla-A5-20160707;[]
CBN-PdlC-A6-20190701;[]
CBN-PdlC-D5-20150810;[1720968]
CBN-Pla-A6-20140902;[]
CBN-Pla-E2-20160728;[]
OPTMix-0108-P1-422-20231006;[1361055]
CBN-PdlC-B1-20190701;[]
CBN-Pla-F3-20130808;[]
CBN-PdlC-A1-20140721;[]
CBN-PdlC-D5-20190812;[]
CBN-Pla-E1-20200723;[1741589]
CBN-PdlC-C2-20180905;[]
RNNB-4-4-20240117;[]
CBN-Pla-D4-20190814;[1391846]
CBN-PdlC-E5-20130807;[]
CBN-PdlC-F1-20130807;[1393862]
CBN-Pla-A2-20180724;[]
OPTMix-012-P3-190-20231201;[]
RNNB-3-12-20230512;[]
CBN-PdlC-B4-20150810;[]
CBN-PdlC-F3-20190722;[1392323]
CBN-PdlC-C5-20140811;[]
CBN-PdlC-F1-20180815;[]
CBN-Pla-E3-20190723;[]
OPTMix-0214-P3-186-20231010;[]
RNNB-7-10-20240118;[1361437]
CBN-PdlC-E5-20200722;[]
CBN-PdlC-B3-20140901;[]
CBN-Pla-D5-20140902;[]
CBN-Pla-D3-20150723;[]
CBN-Pla-E1-20130808;[]
CBN-PdlC-A1-20150701;[1741599]
CBN-PdlC-F5-20180723;[]
CBN-Pla-F3-20180724;[]
CBN-Pla-D4-20150723;[]
CBN-PdlC-E6-20200722;[]
CBN-PdlC-E3-20140630;[1363309, 1651449]
CBN-Pla-A6-20150811;[]
CBN-Pla-B1-20130904;[1392015]
CBN-Pla-F6-20180724;[]
CBN-can-A5-20230705;[]
CBN-PdlC-C1-20160705;[]
CBN-PdlC-B5-20160726;[1363362]
CBN-PdlC-A3-20170906;[]
CBN-PdlC-C5-20180815;[]
CBN-PdlC-B6-20150720;[]
CBN-Pla-E6-20130904;[]
CBN-Pla-F4-20190723;[]
CBN-Pla-E5-20180816;[]
CBN-PdlC-E6-20170906;[]
RNNB-3-2-20230512;[1364007]
CBN-PdlC-D6-20130807;[]
CBN-Pla-A6-20130904;[]
CBN-PdlC-C5-20180905;[]
CBN-Pla-D6-20150723;[]
CBN-PdlC-D1-20140721;[]
CBN-PdlC-B1-20180905;[]
OPTMix-0255-11382-20231009;[1651233]
CBN-Pla-A3-20150723;[1741880]
OPTMix-033-P3-107-20231201;[]
CBN-PdlC-B6-20150831;[]
CBN-PdlC-E4-20150720;[]
CBN-Pla-E5-20130808;[]
CBN-PdlC-B4-20150701;[]
CBN-PdlC-F6-20150810;[]
CBN-PdlC-B3-20180702;[]
CBN-PdlC-A4-20200629;[]
CBN-PdlC-F1-20180723;[]
CBN-PdlC-E5-20130903;[]
CBN-Pla-F5-20190814;[]
RNNB-4-5-20240117;[]
OPTMix-012-P2-207-20231201;[]
CBN-PdlC-A4-20180702;[]
CBN-PdlC-D3-20200722;[]
OPTMix-0598-P4-108-20231207;[1720975]
OPTMix-0333-P3-76-20231201;[1356404]
CBN-PdlC-F5-20190812;[]
CBN-PdlC-E5-20150831;[]
CBN-PdlC-A2-20140721;[]
CBN-PdlC-E1-20170906;[]
CBN-PdlC-D1-20200812;[]
RNNB-5-9-20240118;[]
CBN-PdlC-D3-20190812;[]
CBN-Pla-B4-20180816;[]
CBN-PdlC-D2-20160705;[]
CBN-PdlC-F2-20130723;[]
CBN-Pla-E4-20180724;[1741599]
CBN-PdlC-A6-20190812;[]
CBN-Pla-C6-20130904;[]
CBN-Pla-F2-20180906;[]
RNNB-3-2-20240117;[]
OPTMix-0200-P2-53-20231009;[]
OPTMix-057-P1-1902-20231010;[]
CBN-PdlC-B4-20190812;[]
CBN-Pla-A6-20190814;[]
CBN-PdlC-F4-20190812;[]
CBN-PdlC-B4-20150831;[1397475]
CBN-PdlC-E1-20180723;[]
CBN-Pla-F3-20200723;[]
RNNB-1-9-20230512;[1722625]
CBN-can-D4-20230705;[1361112, 1393810, 1724565]
CBN-PdlC-E3-20200812;[1391503]
CBN-PdlC-E6-20140721;[]
RNNB-4-9-20240117;[]
CBN-PdlC-F2-20140811;[1389329]
RNNB-5-1-20240118;[]
CBN-Pla-C1-20150901;[1399507]
CBN-PdlC-E1-20130903;[]
CBN-Pla-D5-20130808;[1741599]
CBN-PdlC-E5-20180905;[]
CBN-Pla-A3-20190814;[]
RNNB-6-7-20240118;[]
CBN-PdlC-C2-20190701;[]
OPTMix-0255-11372-20231009;[]
CBN-PdlC-A5-20160726;[]
CBN-Pla-E6-20180816;[]
CBN-Pla-B3-20190814;[]
CBN-PdlC-D2-20190722;[]
CBN-Pla-C3-20150901;[]
CBN-Pla-E2-20200723;[]
CBN-Pla-F2-20200630;[]
CBN-PdlC-B2-20150810;[]
CBN-PdlC-D4-20140811;[]
CBN-Pla-A2-20130904;[]
OPTMix-012-P2-192-20231201;[]
CBN-PdlC-E1-20170816;[]
CBN-PdlC-C1-20150810;[]
CBN-PdlC-E3-20140901;[]
CBN-PdlC-A3-20200812;[]
CBN-PdlC-A3-20180815;[]
CBN-PdlC-E2-20200722;[]
CBN-Pla-C4-20160707;[]
CBN-Pla-B3-20160707;[]
RNNB-8-8-20240118;[]
CBN-PdlC-C3-20190812;[]
CBN-PdlC-C1-20190909;[]
CBN-PdlC-B2-20190909;[]
CBN-PdlC-F1-20200722;[]
CBN-PdlC-E1-20180905;[1363553]
RNNB-6-9-20240118;[]
CBN-Pla-B5-20150901;[]
CBN-Pla-D5-20190814;[]
CBN-Pla-F3-20150811;[]
CBN-Pla-A2-20160728;[]
CBN-PdlC-C4-20180723;[]
CBN-Pla-A4-20160728;[]
CBN-PdlC-B4-20140811;[1395190]
CBN-Pla-B6-20180906;[]
RNNB-3-6-20240117;[1362928]
CBN-PdlC-F6-20180815;[1743651]
CBN-PdlC-F3-20180702;[]
CBN-Pla-E2-20180724;[]
CBN-can-C1-20230705;[]
CBN-PdlC-F1-20190909;[]
CBN-PdlC-C6-20140721;[1741599]
CBN-Pla-F5-20150702;[]
CBN-PdlC-F3-20190701;[]
CBN-PdlC-C4-20140811;[]
CBN-PdlC-B4-20180723;[1741903]
CBN-PdlC-E1-20140811;[]
CBN-Pla-B1-20150723;[]
CBN-Pla-F1-20200723;[]
CBN-PdlC-E1-20140630;[1741599]
CBN-PdlC-A2-20130807;[]
CBN-PdlC-E6-20150831;[]
CBN-Pla-B5-20140902;[1363309]
RNNB-8-6-20240118;[]
CBN-Pla-D6-20160707;[]
CBN-Pla-F4-20180906;[]
CBN-PdlC-B5-20170816;[]
CBN-Pla-A5-20140812;[]
CBN-PdlC-B1-20190722;[]
CBN-PdlC-D4-20150701;[]
CBN-Pla-D3-20180816;[]
CBN-PdlC-D3-20180723;[]
CBN-PdlC-E4-20180723;[]
CBN-PdlC-D3-20160705;[]
CBN-PdlC-C3-20190701;[]
CBN-PdlC-F2-20180905;[]
RNNB-4-10-20240118;[]
CBN-PdlC-D1-20190812;[1724565]
CBN-Pla-A5-20200723;[]
CBN-PdlC-B3-20180723;[]
CBN-Pla-E5-20160707;[1425895]
CBN-PdlC-A2-20200722;[1393526]
RNNB-2-2-20230512;[]
RNNB-1-9-20240117;[1722433]
CBN-PdlC-F1-20140811;[]
CBN-Pla-C5-20160728;[]
CBN-PdlC-E5-20160705;[]
CBN-Pla-E3-20130904;[]
CBN-Pla-E2-20150723;[]
CBN-PdlC-F2-20190812;[]
CBN-PdlC-B2-20130807;[]
CBN-PdlC-E5-20150720;[]
CBN-Pla-F4-20160728;[]
CBN-Pla-C5-20150811;[]
CBN-PdlC-E2-20190701;[]
CBN-Pla-D1-20160728;[]
CBN-PdlC-F1-20130723;[]
CBN-PdlC-B3-20200722;[]
CBN-PdlC-B1-20150810;[]
CBN-PdlC-F4-20200722;[1403109]
CBN-PdlC-C4-20150831;[]
CBN-PdlC-E4-20180815;[]
CBN-PdlC-D6-20170816;[]
CBN-Pla-D4-20130808;[]
CBN-Pla-F5-20200723;[]
CBN-PdlC-E4-20200629;[]
CBN-Pla-A6-20150702;[]
CBN-PdlC-B5-20170906;[1398657]
CBN-Pla-B1-20160707;[]
CBN-PdlC-C5-20190701;[]
OPTMix-0108-P1-95-20231006;[1389628]
CBN-PdlC-E2-20190812;[]
CBN-PdlC-E2-20150720;[]
CBN-PdlC-F2-20140721;[]
CBN-PdlC-D5-20180815;[]
CBN-PdlC-C2-20150831;[]
CBN-PdlC-E2-20180815;[]
CBN-Pla-C1-20150723;[]
CBN-PdlC-F4-20180905;[]
CBN-Pla-D4-20150901;[]
CBN-PdlC-D4-20200812;[1737422]
OPTMix-057-P1-1917-20231010;[]
OPTMix-0598-P1-133-20231205;[]
CBN-PdlC-F2-20200722;[]
CBN-Pla-D4-20140902;[]
CBN-Pla-D5-20160728;[]
CBN-Pla-D6-20130808;[]
RNNB-6-5-20240118;[]
CBN-Pla-D3-20130808;[1741599]
CBN-PdlC-F1-20140901;[1389329]
CBN-PdlC-D6-20170906;[]
CBN-PdlC-C6-20200812;[]
CBN-PdlC-B6-20160726;[]
CBN-PdlC-D3-20150701;[]
CBN-PdlC-C1-20140901;[1414270]
RNNB-5-3-20240118;[1357962]
CBN-Pla-C6-20150901;[]
CBN-PdlC-C5-20160726;[1724565]
CBN-Pla-C3-20200723;[1363309]
CBN-PdlC-F4-20150831;[]
CBN-PdlC-B2-20140901;[]
CBN-PdlC-C3-20150831;[]
CBN-Pla-B6-20190814;[]
CBN-PdlC-A6-20130903;[]
CBN-PdlC-C3-20130807;[]
CBN-Pla-F3-20130904;[]
CBN-PdlC-F2-20150831;[]
CBN-PdlC-C5-20150810;[]
CBN-Pla-B5-20180724;[]
CBN-PdlC-B5-20150810;[]
CBN-PdlC-A3-20130807;[]
CBN-Pla-E6-20190814;[]
CBN-Pla-B5-20180816;[]
CBN-Pla-D2-20190723;[]
CBN-PdlC-D4-20190909;[]
CBN-PdlC-F1-20130903;[]
RNNB-2-2-20240117;[]
CBN-PdlC-C5-20170906;[]
RNNB-5-6-20240117;[]
CBN-PdlC-E2-20160705;[1652912]
CBN-Pla-D4-20180906;[1363741, 1389330]
CBN-Pla-A6-20140812;[]
CBN-PdlC-A5-20130903;[]
CBN-PdlC-F1-20200629;[]
RNNB-3-8-20240117;[]
OPTMix-0598-P1-197-20231205;[]
CBN-Pla-B5-20160707;[1363309]
CBN-Pla-A1-20130904;[1399567]
CBN-Pla-B6-20190723;[]
CBN-Pla-A3-20200814;[]
CBN-Pla-B1-20180906;[1397942]
CBN-can-D3-20230705;[1741599]
CBN-Pla-B6-20160728;[]
CBN-Pla-A5-20190723;[]
OPTMix-0593-P1-86-20231205;[]
CBN-PdlC-E3-20180723;[]
CBN-Pla-B5-20140812;[]
CBN-Pla-F2-20160707;[]
CBN-PdlC-A2-20140901;[]
CBN-PdlC-F6-20140630;[]
CBN-Pla-B2-20140812;[]
CBN-PdlC-A1-20190701;[]
CBN-Pla-C2-20150901;[]
CBN-PdlC-A3-20180905;[]
CBN-Pla-D3-20160728;[]
CBN-PdlC-A1-20190722;[]
CBN-Pla-A5-20180724;[]
CBN-Pla-D6-20140722;[]
CBN-PdlC-C3-20200812;[]
CBN-PdlC-E2-20180905;[]
CBN-PdlC-E5-20140721;[]
OPTMix-012-P2-240-20231201;[]
CBN-PdlC-C3-20190722;[]
CBN-Pla-A6-20200814;[]
CBN-Pla-D2-20180724;[1361732]
CBN-PdlC-E4-20170816;[1392067]
CBN-PdlC-E1-20130807;[]
CBN-PdlC-E6-20140811;[1724565]
CBN-PdlC-F2-20180702;[1741599]
CBN-PdlC-F1-20160705;[]
CBN-Pla-A1-20200630;[]
CBN-Pla-B3-20140812;[]
CBN-Pla-A2-20140722;[]
CBN-Pla-D1-20180816;[1393315]
CBN-PdlC-C3-20180905;[]
CBN-can-A2-20230705;[]
CBN-Pla-E4-20130808;[]
CBN-Pla-D5-20180906;[]
CBN-Pla-A3-20160728;[]
CBN-Pla-B6-20150811;[]
CBN-Pla-C5-20190814;[]
CBN-PdlC-D5-20130807;[]
CBN-PdlC-D6-20140811;[]
CBN-PdlC-E4-20200812;[]
CBN-Pla-F5-20160728;[]
CBN-PdlC-E4-20140721;[]
CBN-PdlC-B1-20180702;[]
CBN-Pla-F6-20150901;[]
CBN-Pla-C4-20190723;[]
CBN-Pla-F3-20190723;[]
CBN-Pla-C3-20180816;[]
CBN-PdlC-A1-20200722;[]
CBN-PdlC-B5-20180905;[1398657]
CBN-PdlC-B6-20190722;[1741706]
CBN-Pla-B2-20160728;[]
RNNB-2-6-20230512;[]
CBN-PdlC-E5-20190812;[]
CBN-PdlC-D3-20190909;[]
CBN-PdlC-D4-20180905;[]
CBN-Pla-F4-20150811;[]
CBN-Pla-B3-20150901;[1363309]
RNNB-2-5-20240117;[1722501]
CBN-PdlC-A4-20180723;[]
CBN-Pla-B6-20140722;[]
CBN-PdlC-F1-20160726;[]
CBN-Pla-A5-20190814;[]
CBN-Pla-E3-20200814;[]
CBN-Pla-A2-20140812;[1363476, 1720968]
CBN-PdlC-B3-20160705;[1437724]
RNNB-5-9-20240117;[]
CBN-PdlC-E6-20130903;[]
CBN-PdlC-A3-20140901;[]
CBN-Pla-A1-20180724;[1391743]
CBN-Pla-F4-20150723;[]
CBN-PdlC-C1-20180905;[]
CBN-PdlC-F6-20200812;[]
CBN-Pla-E1-20160728;[1363309]
CBN-Pla-E4-20150702;[]
CBN-PdlC-E3-20160726;[]
CBN-PdlC-D3-20130903;[1396059]
CBN-PdlC-E5-20180702;[1363522]
CBN-Pla-C4-20200814;[]
CBN-Pla-D5-20200723;[]
CBN-Pla-E1-20140902;[1389580]
CBN-Pla-A4-20130904;[]
CBN-PdlC-C3-20180723;[]
CBN-PdlC-F6-20180905;[]
CBN-PdlC-F4-20170906;[]
CBN-Pla-F6-20140902;[]
CBN-Pla-D3-20200814;[]
CBN-PdlC-E2-20140721;[]
CBN-PdlC-A3-20190812;[]
CBN-PdlC-E4-20150810;[]
CBN-PdlC-E1-20140901;[]
CBN-Pla-F3-20190814;[1392015]
CBN-PdlC-F5-20140811;[]
CBN-PdlC-B6-20130807;[]
CBN-Pla-D3-20180906;[]
CBN-Pla-A6-20140722;[]
CBN-PdlC-F6-20200629;[]
OPTMix-0214-P2-84-20231010;[]
CBN-Pla-B4-20160728;[]
CBN-PdlC-A3-20190909;[]
CBN-PdlC-B6-20200629;[1392456]
CBN-PdlC-F5-20190909;[]
CBN-PdlC-D3-20190701;[]
CBN-PdlC-D3-20150831;[]
CBN-Pla-A5-20140902;[]
RNNB-5-6-20240118;[]
CBN-Pla-E1-20150901;[]
CBN-Pla-B5-20150702;[1361099]
CBN-Pla-F1-20150723;[1391743]
CBN-PdlC-B1-20200812;[]
CBN-Pla-C6-20140902;[]
CBN-Pla-E1-20180816;[1363309]
CBN-can-A1-20230705;[1658529]
CBN-PdlC-A2-20180815;[]
CBN-PdlC-A1-20160705;[]
CBN-Pla-B5-20190723;[]
CBN-PdlC-F3-20200722;[]
CBN-can-E3-20230706;[]
CBN-Pla-E2-20150702;[]
CBN-Pla-A4-20150723;[]
CBN-PdlC-F5-20160726;[]
CBN-Pla-A1-20150723;[]
OPTMix-108-P1-000-20231006;[]
CBN-Pla-A3-20150702;[]
CBN-PdlC-C6-20180905;[]
OPTMix-0333-P3-100-20231201;[]
OPTMix-012-P3-220-20231201;[]
CBN-Pla-E3-20150723;[]
CBN-Pla-F6-20160728;[1363553]
CBN-PdlC-A3-20200629;[]
CBN-Pla-B4-20130724;[1361703]
CBN-PdlC-D6-20190722;[]
CBN-Pla-B1-20130724;[]
CBN-PdlC-A4-20200722;[1392015, 1742959]
CBN-Pla-E5-20180724;[]
RNNB-2-1-20240117;[1396085]
CBN-Pla-F2-20180816;[]
RNNB-5-4-20240117;[]
CBN-Pla-E1-20200630;[]
CBN-Pla-C3-20180906;[]
CBN-PdlC-F1-20140630;[]
CBN-Pla-C2-20130808;[1363579]
CBN-Pla-F6-20130808;[]
CBN-Pla-F2-20150702;[]
CBN-Pla-B3-20200814;[]
CBN-PdlC-E3-20140721;[1652912]
CBN-Pla-B4-20140722;[]
CBN-Pla-F1-20200630;[]
CBN-PdlC-C6-20140811;[]
CBN-PdlC-F5-20150831;[]
CBN-PdlC-E1-20200722;[1403109]
CBN-PdlC-A2-20190909;[]
CBN-PdlC-E5-20140630;[]
CBN-Pla-A4-20130724;[]
CBN-PdlC-B5-20200722;[1363993]
CBN-PdlC-A6-20160726;[]
CBN-PdlC-D3-20140811;[]
CBN-PdlC-C3-20200722;[]
CBN-PdlC-C2-20150810;[]
CBN-PdlC-C4-20190722;[]
CBN-Pla-A3-20130724;[]
CBN-PdlC-E3-20180905;[]
CBN-Pla-C2-20140902;[]
CBN-Pla-A2-20150702;[]
CBN-Pla-C2-20200723;[]
CBN-Pla-D6-20200814;[]
CBN-Pla-A3-20130904;[]
CBN-PdlC-F3-20150720;[]
CBN-Pla-A1-20200814;[]
CBN-Pla-A6-20200723;[]
CBN-PdlC-B5-20150831;[]
CBN-PdlC-A1-20170816;[1391743]
CBN-PdlC-A6-20190722;[]
CBN-PdlC-F2-20200812;[1391099]
CBN-Pla-A5-20160728;[]
CBN-Pla-A6-20160728;[]
RNNB-2-8-20240117;[]
CBN-PdlC-F5-20180815;[]
CBN-Pla-F5-20150901;[]
RNNB-7-7-20240118;[]
CBN-Pla-E3-20180724;[]
CBN-Pla-D1-20200723;[]
CBN-PdlC-A2-20130903;[]
CBN-Pla-E6-20150901;[1392299]
CBN-PdlC-A6-20170906;[]
OPTMix-0214-P3-278-20231010;[1363553]
CBN-PdlC-B3-20150831;[]
CBN-PdlC-D1-20160705;[]
CBN-Pla-A5-20150723;[]
CBN-Pla-F2-20140902;[]
RNNB-5-10-20240117;[]
CBN-Pla-B2-20130808;[1741599]
CBN-Pla-F3-20180906;[]
CBN-PdlC-E4-20160726;[]
CBN-PdlC-B2-20200629;[]
CBN-PdlC-B2-20140811;[]
CBN-PdlC-D3-20180815;[]
CBN-PdlC-E2-20170816;[]
CBN-PdlC-C4-20190909;[1391846]
CBN-Pla-D1-20180724;[]
CBN-PdlC-C6-20130807;[]
CBN-PdlC-C1-20130807;[1724565]
CBN-Pla-C4-20190814;[]
RNNB-7-6-20240118;[]
CBN-PdlC-B6-20150810;[]
CBN-PdlC-B2-20140721;[1395495]
CBN-PdlC-E1-20160705;[]
RNNB-2-1-20230512;[]
CBN-PdlC-C4-20140901;[]
CBN-PdlC-B1-20160705;[]
CBN-Pla-B6-20200723;[]
CBN-PdlC-A4-20180815;[]
CBN-PdlC-E4-20140811;[]
CBN-PdlC-C6-20160726;[1724565]
CBN-PdlC-F3-20130723;[]
CBN-PdlC-B6-20160705;[]
CBN-Pla-D4-20150702;[]
CBN-PdlC-B6-20150701;[]
CBN-Pla-F5-20200814;[]
CBN-PdlC-C6-20160705;[]
CBN-Pla-B5-20190814;[1741589]
CBN-Pla-F3-20150702;[]
CBN-Pla-E5-20200814;[]
CBN-PdlC-C5-20150831;[]
CBN-PdlC-C3-20140901;[]
CBN-Pla-B2-20140902;[]
CBN-PdlC-F4-20130807;[]
OPTMix-0598-P1-118-20231205;[]
CBN-PdlC-B1-20130807;[]
CBN-PdlC-B6-20200812;[]
CBN-PdlC-C2-20170906;[]
CBN-Pla-C1-20180906;[]
CBN-PdlC-D1-20190722;[]
CBN-PdlC-F2-20150810;[]
RNNB-3-10-20230512;[]
CBN-PdlC-E5-20180723;[]
CBN-Pla-E6-20150723;[1652912]
CBN-Pla-D3-20140902;[]
CBN-PdlC-B3-20140721;[]
RNNB-1-8-20240117;[]
CBN-Pla-A1-20130808;[]
CBN-PdlC-D6-20180905;[]
RNNB-2-6-20240117;[]
CBN-Pla-C1-20160707;[]
CBN-PdlC-B6-20180723;[]
RNNB-4-8-20240117;[]
CBN-PdlC-B2-20160726;[]
CBN-PdlC-B6-20140811;[1361944]
RNNB-4-2-20240118;[]
RNNB-1-2-20230512;[]
CBN-Pla-F6-20190723;[]
CBN-PdlC-E5-20190722;[]
RNNB-6-7-20240117;[]
CBN-Pla-D1-20150723;[1363522]
CBN-Pla-E5-20140722;[]
CBN-PdlC-D2-20140811;[]
CBN-PdlC-A1-20150720;[]
CBN-PdlC-F3-20130903;[]
CBN-PdlC-B1-20150831;[]
CBN-Pla-C1-20200723;[1722407]
CBN-Pla-E3-20180816;[]
CBN-PdlC-E1-20140721;[]
CBN-Pla-E2-20190723;[]
CBN-PdlC-E6-20130723;[]
CBN-Pla-A4-20200723;[]
OPTMix-0200-P2-54-20231009;[]
CBN-PdlC-C3-20170816;[]
CBN-PdlC-F1-20170906;[]
CBN-Pla-E1-20130904;[1389580]
CBN-PdlC-C4-20200812;[1741706]
CBN-PdlC-A5-20170906;[]
CBN-PdlC-B3-20130903;[]
CBN-Pla-B3-20130724;[]
CBN-PdlC-B4-20200722;[]
CBN-Pla-A3-20150811;[]
CBN-Pla-A6-20130808;[]
CBN-Pla-C3-20140902;[1363359]
CBN-PdlC-C4-20170906;[]
OPTMix-0108-P1-533-20231006;[]
CBN-Pla-D4-20190723;[]
RNNB-4-1-20240118;[]
CBN-PdlC-F6-20150720;[]
OPTMix-0598-P2-99-20231205;[]
CBN-Pla-D5-20130904;[]
CBN-PdlC-A5-20180815;[]
CBN-Pla-A6-20190723;[]
OPTMix-0178-P1-1061-20231006;[]
CBN-Pla-D2-20180906;[]
CBN-PdlC-E4-20180702;[]
CBN-PdlC-B3-20170816;[]
CBN-Pla-E2-20140902;[1392015]
RNNB-3-4-20230512;[]
RNNB-1-3-20230512;[]
CBN-PdlC-F3-20140721;[]
RNNB-2-7-20240117;[]
CBN-Pla-C3-20130808;[]
CBN-Pla-A4-20150901;[]
CBN-PdlC-F3-20200812;[1652912]
OPTMix-0598-P4-128-20231207;[1744311]
CBN-PdlC-C1-20150720;[]
CBN-PdlC-B4-20140721;[]
CBN-Pla-E5-20150811;[]
CBN-Pla-A4-20180816;[]
CBN-PdlC-F6-20190909;[]
OPTMix-0598-P2-139-20231207;[1391143]
CBN-PdlC-B2-20150701;[]
CBN-PdlC-B2-20150720;[1395495, 1737422]
CBN-Pla-B2-20150901;[1738847]
CBN-Pla-A1-20180816;[]
CBN-PdlC-E1-20200812;[]
CBN-PdlC-D2-20160726;[]
CBN-Pla-E3-20160728;[]
CBN-Pla-F1-20140902;[1392015]
CBN-Pla-C1-20190814;[]
CBN-PdlC-D2-20130903;[]
CBN-PdlC-F4-20190909;[]
CBN-PdlC-C4-20150720;[]
CBN-PdlC-D2-20170816;[]
CBN-Pla-F1-20200814;[1392015]
CBN-PdlC-D3-20140721;[]
CBN-PdlC-B4-20190701;[]
CBN-can-D2-20230705;[]
CBN-Pla-A3-20140902;[]
RNNB-6-4-20240117;[]
CBN-PdlC-B4-20130903;[]
CBN-Pla-B1-20140812;[]
CBN-PdlC-E3-20130723;[1363476]
CBN-PdlC-D5-20150831;[1737699]
CBN-Pla-E4-20190814;[]
CBN-PdlC-E4-20150701;[]
CBN-PdlC-C1-20170816;[]
CBN-Pla-D6-20180724;[]
CBN-Pla-B2-20130724;[]
CBN-PdlC-A4-20130903;[]
CBN-Pla-D6-20190723;[]
CBN-PdlC-C3-20190909;[]
CBN-can-E2-20230706;[]
CBN-PdlC-B4-20160726;[1395190, 1397475]
CBN-Pla-A5-20130808;[1360269]
CBN-PdlC-F4-20140811;[]
CBN-Pyr-01-20230706;[]
CBN-PdlC-B3-20170906;[]
CBN-Pla-F5-20130808;[]
RNNB-8-1-20240118;[]
CBN-Pla-C1-20150811;[]
RNNB-5-8-20240117;[]
CBN-Pla-A3-20180816;[]
OPTMix-057-P1-1901-20231010;[]
CBN-Pla-D1-20140722;[]
CBN-Pla-F6-20150811;[]
CBN-PdlC-B1-20130903;[1437724]
CBN-Pla-D1-20140902;[]
CBN-PdlC-B5-20200629;[]
CBN-PdlC-E5-20170906;[]
CBN-PdlC-D2-20190812;[]
CBN-PdlC-F3-20160705;[1390822, 1652912]
CBN-PdlC-F5-20170906;[]
OPTMix-0598-P1-132-20231205;[]
CBN-Pla-F6-20200723;[]
CBN-PdlC-C3-20180815;[]
CBN-Pla-C2-20130904;[]
CBN-Pla-D1-20190814;[1391743]
CBN-PdlC-C5-20180723;[1356401]
CBN-Pla-C2-20160707;[]
CBN-Pla-E2-20190814;[]
CBN-Pla-B3-20140722;[]
RNNB-5-3-20240117;[]
CBN-Pla-C3-20190723;[]
OPTMix-0598-P1-149-20231205;[1741608]
CBN-PdlC-B6-20170906;[1398657]
CBN-Pla-A1-20150702;[]
CBN-PdlC-A2-20180905;[]
CBN-PdlC-C1-20150831;[]
CBN-Pla-C6-20150723;[]
CBN-PdlC-C2-20190909;[]
CBN-Pla-F2-20190723;[1741599]
CBN-PdlC-E6-20130807;[1392767, 1724565]
CBN-Pla-A5-20180816;[]
CBN-Pla-F3-20200630;[]
CBN-PdlC-B1-20140901;[1437724]
CBN-PdlC-C2-20180723;[]
CBN-Pla-C5-20140902;[]
CBN-PdlC-B2-20190701;[]
CBN-Pla-A4-20150811;[]
RNNB-1-1-20240117;[]
CBN-PdlC-E4-20200722;[1403109, 1718548]
CBN-Pla-D6-20200723;[]
CBN-PdlC-F2-20200629;[]
CBN-Pla-D5-20150702;[]
CBN-PdlC-C2-20140721;[]
CBN-Pla-E4-20200630;[]
CBN-can-A6-20230705;[1741903]
CBN-Pla-D6-20150811;[]
CBN-can-F1-20230705;[]
CBN-PdlC-F1-20170816;[]
CBN-Pla-C3-20160707;[1390872]
CBN-can-B1-20230705;[]
CBN-PdlC-B2-20180815;[]
CBN-PdlC-B2-20160705;[]
CBN-PdlC-A2-20160726;[]
CBN-PdlC-D5-20160705;[1652912]
RNNB-5-5-20240117;[]
CBN-PdlC-B5-20190722;[1360110, 1373840]
CBN-PdlC-B2-20200722;[]
CBN-PdlC-F4-20150720;[]
CBN-PdlC-D6-20130903;[1414270]
CBN-can-E4-20230706;[]
CBN-PdlC-A3-20160726;[]
CBN-PdlC-E2-20190909;[]
CBN-Pla-D2-20190814;[]
CBN-PdlC-B1-20170816;[]
CBN-PdlC-B4-20200629;[]
OPTMix-012-P3-218-20231201;[]
OPTMix-0593-P1-134-20231205;[]
CBN-Pla-E5-20190723;[]
CBN-PdlC-B5-20180723;[]
CBN-Pla-A4-20140722;[]
CBN-PdlC-E6-20190812;[]
CBN-PdlC-D6-20190909;[]
CBN-PdlC-B5-20190701;[]
RNNB-5-1-20240117;[]
RNNB-5-2-20240118;[]
CBN-Pla-A1-20180906;[]
CBN-Pla-E5-20180906;[1652912]
CBN-PdlC-E2-20130807;[]
CBN-PdlC-D3-20190722;[]
CBN-PdlC-C6-20150810;[1391846]
CBN-Pla-D3-20200723;[]
CBN-Pla-D1-20160707;[1722407]
OPTMix-0178-P1-669-20231006;[1391967]
CBN-Pla-B1-20200814;[1392015]
CBN-PdlC-D2-20130807;[]
RNNB-8-10-20240118;[]
CBN-PdlC-C3-20140811;[]
CBN-PdlC-E2-20200629;[]
CBN-PdlC-D5-20140811;[]
CBN-Pla-F4-20180724;[]
CBN-Pla-E2-20160707;[1391743]
CBN-Pla-D3-20190814;[]
CBN-PdlC-F3-20190812;[]
OPTMix-0214-P1-235-20231010;[]
CBN-PdlC-A6-20180905;[]
CBN-Pla-B2-20180906;[]
CBN-PdlC-B6-20180702;[]
CBN-PdlC-E3-20180815;[]
CBN-PdlC-A4-20160705;[]
CBN-can-B6-20230705;[]
CBN-PdlC-B1-20140811;[]
CBN-Pla-E4-20200723;[]
CBN-Pla-F6-20180906;[]
CBN-can-F3-20230706;[]
RNNB-3-6-20230512;[]
OPTMix-0214-P2-22-20231010;[]
RNNB-6-8-20240118;[]
CBN-PdlC-C6-20150831;[]
OPTMix-0593-P3-130-20231205;[]
CBN-Pla-C6-20180906;[]
CBN-PdlC-F3-20190909;[]
CBN-PdlC-F1-20150701;[]
CBN-PdlC-D2-20200812;[]
CBN-PdlC-E5-20200629;[]
CBN-PdlC-A2-20190722;[]
CBN-Pla-E6-20190723;[1741599]
CBN-Pla-A5-20130904;[]
CBN-Pla-B6-20130724;[]
CBN-Pla-E1-20140722;[]
CBN-PdlC-F3-20200629;[1652912]
CBN-Pla-E1-20150702;[]
CBN-PdlC-D2-20200722;[]
RNNB-4-4-20240118;[]
RNNB-3-4-20240117;[]
CBN-PdlC-B2-20180905;[]
CBN-PdlC-C5-20140721;[]
CBN-Pla-E6-20150702;[]
CBN-PdlC-C6-20130903;[]
CBN-PdlC-A6-20200722;[1389800, 1419245]
CBN-PdlC-A6-20180723;[]
CBN-Pla-E4-20180906;[1392015]
CBN-PdlC-E4-20140630;[]
OPTMix-0593-P2-92-20231205;[]
CBN-Pla-F5-20180816;[]
CBN-Pla-B6-20180816;[1392015]
RNNB-7-9-20240118;[]
RNNB-5-2-20240117;[]
CBN-PdlC-F5-20190722;[]
CBN-Pla-F2-20200723;[]
OPTMix-083-P3-139-20231110;[]
CBN-Pla-A5-20200814;[]
CBN-Pla-D1-20130904;[1392015]
CBN-PdlC-B5-20190909;[]
CBN-can-B3-20230705;[]
CBN-PdlC-E6-20200629;[]
CBN-PdlC-F4-20140630;[]
CBN-Pla-F6-20150723;[]
CBN-Pla-B3-20180816;[]
CBN-PdlC-D6-20190812;[]
CBN-PdlC-C2-20170816;[]
CBN-Pla-B2-20200723;[]
CBN-PdlC-F5-20180702;[]
RNNB-2-8-20230512;[]
CBN-Pla-E6-20200814;[]
CBN-PdlC-F1-20190701;[]
CBN-PdlC-A1-20180905;[]
CBN-PdlC-B2-20200812;[]
CBN-PdlC-D6-20160705;[]
CBN-Pla-F2-20130904;[]
CBN-Pla-F2-20140722;[]
RNNB-1-6-20240117;[1722433, 1722441]
CBN-Pla-B2-20150702;[]
CBN-PdlC-D5-20190909;[]
CBN-Pla-C1-20150702;[]
CBN-Pla-A4-20180906;[]
CBN-PdlC-D1-20180905;[]
CBN-PdlC-E2-20170906;[]
CBN-PdlC-E2-20130903;[1363087]
CBN-Pla-F4-20200723;[]
CBN-Pla-B1-20200723;[1391743, 1720968]
CBN-PdlC-C1-20190812;[1724565]
CBN-Pla-F5-20150723;[]
CBN-PdlC-A5-20180905;[]
RNNB-4-5-20240118;[1356669, 1722501]
RNNB-4-8-20240118;[]
RNNB-2-7-20230512;[]
CBN-Pla-E5-20200630;[]
RNNB-6-2-20240118;[]
CBN-PdlC-D5-20200722;[]
CBN-PdlC-A3-20200722;[]
RNNB-5-7-20240117;[]
CBN-PdlC-D1-20170816;[]
CBN-PdlC-F4-20200812;[]
CBN-PdlC-F4-20200629;[]
CBN-Pla-B6-20150901;[]
CBN-PdlC-A5-20200722;[]
CBN-PdlC-B5-20150720;[1363362]
CBN-Pla-C5-20200814;[]
CBN-PdlC-D2-20180815;[]
CBN-Pla-B3-20160728;[1652912]
CBN-PdlC-E6-20180723;[1356401, 1737422]
CBN-PdlC-D6-20140721;[1359937, 1741599]
CBN-PdlC-B5-20180702;[]
CBN-Pla-F3-20200814;[]
CBN-Pla-D4-20180816;[]
CBN-PdlC-A5-20140811;[1724565, 1741706]
CBN-PdlC-A6-20170816;[]
CBN-PdlC-B3-20190722;[]
CBN-Pla-D3-20130904;[1396330]
CBN-Pla-C5-20200723;[]
CBN-PdlC-B3-20190812;[]
RNNB-1-3-20240117;[]
CBN-PdlC-E6-20180905;[]
CBN-Pla-F3-20150723;[]
CBN-PdlC-D4-20190722;[]
CBN-Pla-D2-20150702;[]
CBN-PdlC-D4-20140721;[]
CBN-PdlC-C4-20200722;[]
CBN-Pla-C6-20190814;[]
CBN-PdlC-C3-20160705;[1392067]
CBN-Pla-A4-20190723;[]
OPTMix-083-P3-96-20231110;[]
CBN-PdlC-D4-20180723;[]
CBN-Pla-F4-20200814;[]
RNNB-1-7-20230512;[]
CBN-Pla-F2-20200814;[]
CBN-Pla-A5-20150811;[]
CBN-can-D1-20230705;[1393225]
RNNB-8-9-20240118;[1724816]
CBN-Pla-A3-20200723;[]
CBN-PdlC-A4-20200812;[]
CBN-Pla-B1-20140722;[]
RNNB-1-6-20230512;[]
CBN-Pla-D4-20200814;[]
CBN-Pla-C6-20150702;[]
RNNB-2-9-20230512;[]
CBN-PdlC-F4-20130903;[]
CBN-PdlC-D3-20170906;[]
RNNB-3-5-20230512;[1365431]
CBN-PdlC-D2-20150831;[]
CBN-Pla-D2-20150901;[]
CBN-PdlC-E3-20170906;[1389817]
CBN-Pla-B4-20150723;[]
CBN-Pla-A4-20190814;[]
CBN-Pla-A6-20150723;[]
RNNB-7-3-20240118;[1361437]
CBN-Pla-E5-20200723;[]
RNNB-6-1-20240118;[]
CBN-Pla-B1-20180816;[1397942]
CBN-PdlC-B6-20190909;[]
CBN-PdlC-B2-20130903;[]
CBN-PdlC-E6-20150720;[]
CBN-PdlC-C1-20200722;[]
CBN-PdlC-A2-20150810;[]
CBN-Pla-E3-20200630;[]
CBN-Pla-D6-20180816;[1364179]
CBN-PdlC-F6-20140721;[]
CBN-PdlC-F3-20150701;[1652912]
CBN-PdlC-F2-20140901;[]
CBN-PdlC-B5-20140811;[]
CBN-PdlC-B3-20150701;[]
CBN-PdlC-A3-20160705;[]
CBN-Pla-F3-20140902;[1392015]
CBN-PdlC-B1-20170906;[]
CBN-Pla-A1-20140902;[]
CBN-Pla-A3-20160707;[1741880]
CBN-PdlC-E3-20200629;[]
CBN-PdlC-D6-20200812;[1437724]
CBN-Pla-A2-20150811;[]
RNNB-1-10-20230512;[]
RNNB-1-8-20230512;[]
CBN-Pla-B6-20140902;[]
CBN-PdlC-A3-20150810;[]
CBN-Pla-E4-20190723;[1741589]
CBN-PdlC-E3-20150701;[]
RNNB-4-10-20240117;[]
CBN-Pla-D1-20200814;[]
CBN-PdlC-F4-20130723;[]
CBN-PdlC-E6-20190722;[]
RNNB-8-3-20240118;[1363553]
CBN-Pla-A2-20200814;[1394893]
CBN-Pla-F5-20190723;[]
CBN-Pla-B5-20140722;[]
CBN-PdlC-F4-20160726;[]
CBN-PdlC-A2-20170816;[]
CBN-PdlC-B6-20140721;[]
RNNB-3-1-20230512;[1363016]
CBN-PdlC-C2-20200722;[1724565]
CBN-Pla-A6-20130724;[1356370, 1361703]
CBN-Pla-F3-20160707;[]
CBN-Pla-D1-20190723;[1741599]
CBN-can-A3-20230705;[]
CBN-Pla-B3-20130808;[]
CBN-PdlC-A4-20190701;[]
CBN-PdlC-D4-20160705;[]
RNNB-1-7-20240117;[1363337, 1722433]
CBN-Pla-C5-20180724;[1392164]
CBN-PdlC-A3-20140811;[]
CBN-Pla-E6-20160728;[]
CBN-Pla-A3-20180906;[]
CBN-Pla-D5-20160707;[]
CBN-Pla-A4-20180724;[1722407]
CBN-Pla-D5-20180724;[]
CBN-PdlC-F2-20160705;[1721637]
RNNB-2-3-20230512;[]
CBN-PdlC-C1-20160726;[1391833]
CBN-can-E1-20230706;[]
CBN-PdlC-F3-20180905;[]
CBN-Pla-B6-20150723;[]
CBN-PdlC-B4-20130807;[1361944]
CBN-PdlC-D5-20160726;[]
CBN-Pla-C2-20180906;[]
CBN-PdlC-F2-20150701;[]
CBN-Pla-B2-20180724;[]
CBN-PdlC-B5-20150701;[]
CBN-PdlC-E6-20190909;[]
OPTMix-0178-P1-1060-20231006;[]
CBN-Pla-F4-20160707;[]
CBN-Pla-A4-20140812;[1741599]
CBN-PdlC-B1-20190909;[]
CBN-PdlC-D4-20130903;[]
CBN-Pla-E5-20160728;[]
CBN-Pla-D3-20160707;[]
CBN-PdlC-A1-20160726;[]
OPTMix-0216-P4-208-20231009;[]
OPTMix-0333-P1-112-20231212;[]
CBN-PdlC-A5-20150701;[]
CBN-Pla-D3-20150901;[]
CBN-Pla-B4-20200814;[]
CBN-PdlC-A2-20200629;[]
CBN-PdlC-C6-20200722;[1737422]
RNNB-6-3-20240118;[]
CBN-PdlC-D3-20130807;[]
CBN-PdlC-C5-20140901;[1363741]
RNNB-7-4-20240118;[]
CBN-Pla-F2-20160728;[]
CBN-Pla-F3-20150901;[]
CBN-Pla-F1-20150702;[]
CBN-Pla-C4-20180906;[]
RNNB-3-9-20230512;[]
CBN-PdlC-E3-20150810;[1363309, 1389817]
CBN-PdlC-E3-20130807;[]
CBN-PdlC-D4-20200722;[]
RNNB-3-1-20240117;[1722441]
CBN-PdlC-F6-20130723;[]
CBN-PdlC-D1-20130903;[1737422]
CBN-Pla-C1-20130808;[]
CBN-PdlC-B3-20190909;[]
CBN-Pla-B6-20130904;[]
CBN-Pla-C6-20150811;[]
CBN-PdlC-E1-20180815;[]
CBN-Pla-F4-20190814;[]
CBN-PdlC-A4-20180905;[]
CBN-PdlC-F5-20180905;[1391148]
CBN-Pla-C2-20200814;[]
CBN-PdlC-B6-20170816;[1389330]
CBN-PdlC-C4-20190701;[]
CBN-PdlC-E3-20150831;[]
CBN-PdlC-B1-20200722;[]
CBN-Pla-C4-20150811;[]
CBN-Pla-D2-20160707;[]
CBN-Pla-C5-20150702;[]
CBN-PdlC-E2-20180702;[]
CBN-PdlC-E4-20130807;[1392767]
CBN-Pla-B1-20150702;[]
OPTMix-057-P1-1699-20231010;[]
CBN-Pla-C2-20140722;[]
CBN-Pla-A1-20150901;[]
CBN-Pla-C6-20200814;[]
CBN-PdlC-E2-20140901;[1361917]
CBN-Pla-A2-20190723;[]
CBN-Pla-A4-20130808;[]
CBN-Pla-B1-20190723;[]
CBN-can-E6-20230706;[]
CBN-PdlC-B5-20160705;[1360269]
CBN-Pla-E3-20150901;[]
CBN-Pla-C2-20190814;[]
CBN-PdlC-F1-20150810;[]
CBN-PdlC-C4-20180815;[]
CBN-PdlC-B2-20180702;[]
CBN-Pla-E2-20130904;[]
CBN-PdlC-A3-20180723;[]
RNNB-5-4-20240118;[]
CBN-PdlC-D1-20130807;[]
CBN-PdlC-C6-20140901;[]
CBN-PdlC-C4-20190812;[]
CBN-PdlC-F1-20180702;[]
CBN-Pla-F2-20130808;[]
CBN-Pla-A2-20140902;[1392015]
CBN-Pla-E6-20180724;[]
CBN-Pla-D4-20160728;[]
CBN-Pla-E5-20150901;[]
RNNB-2-4-20240117;[]
CBN-PdlC-A4-20140901;[]
CBN-Pla-D3-20190723;[]
CBN-PdlC-C2-20140811;[]
CBN-PdlC-C5-20160705;[]
CBN-Pla-A5-20140722;[]
CBN-PdlC-F6-20140811;[]
RNNB-6-2-20240117;[]
RNNB-6-3-20240117;[]
CBN-Pla-E1-20160707;[]
CBN-PdlC-C4-20180905;[]
CBN-PdlC-E1-20160726;[1363741]
CBN-PdlC-A6-20140901;[]
CBN-Pla-F1-20130808;[]
CBN-PdlC-F1-20180905;[]
CBN-PdlC-B3-20150810;[]
CBN-PdlC-F1-20150720;[]
CBN-PdlC-E4-20190909;[]
CBN-PdlC-C2-20190722;[]
CBN-PdlC-F4-20150701;[]
RNNB-3-3-20240117;[1425895]
CBN-Pla-B1-20150901;[]
CBN-Pla-E4-20150901;[]
CBN-PdlC-C6-20170906;[]
RNNB-4-6-20240117;[]
CBN-PdlC-B3-20180815;[]
CBN-PdlC-A6-20140630;[]
CBN-can-F4-20230706;[]
CBN-PdlC-D5-20150720;[1363553]
CBN-PdlC-F3-20140630;[1652912]
CBN-Pla-F2-20150901;[]
CBN-Pla-F6-20190814;[]
CBN-PdlC-E6-20170816;[]
CBN-PdlC-E4-20190701;[]
CBN-PdlC-E6-20180815;[]
OPTMix-0593-P3-146-20231205;[]
CBN-Pla-C5-20150723;[]
CBN-Pla-C3-20190814;[]
CBN-PdlC-E1-20150831;[1531145]
CBN-Pla-C4-20130808;[]
CBN-Pla-A2-20130724;[]
CBN-Pla-A4-20150702;[]
OPTMix-0200-P2-68-20231009;[]
CBN-Pla-F2-20190814;[]
CBN-PdlC-D4-20170816;[]
CBN-PdlC-F3-20180723;[]
CBN-PdlC-F6-20180723;[1391743]
CBN-PdlC-C4-20150701;[]
CBN-PdlC-E2-20160726;[]
CBN-PdlC-D1-20200722;[]
CBN-can-B2-20230705;[]
CBN-Pla-F3-20160728;[1392015]
RNNB-4-2-20240117;[1361703]
CBN-Pla-F5-20160707;[]
CBN-PdlC-A4-20150701;[]
OPTMix-0178-P1-663-20231006;[]
CBN-Pla-C5-20130808;[]
CBN-PdlC-E1-20150720;[]
CBN-Pla-E4-20140722;[]
CBN-PdlC-A4-20150831;[]
CBN-PdlC-A2-20200812;[]
CBN-PdlC-D1-20150720;[1724565, 1738847]
CBN-Pla-C4-20200723;[]
RNNB-5-5-20240118;[]
CBN-Pla-D2-20180816;[1392015]
CBN-PdlC-F3-20140811;[]
CBN-PdlC-C4-20170816;[]
CBN-PdlC-F6-20150831;[]
CBN-PdlC-B5-20200812;[]
CBN-PdlC-A1-20150831;[]
CBN-Pla-D6-20160728;[]
CBN-PdlC-C5-20130807;[]
CBN-Pla-B5-20130904;[]
CBN-PdlC-F5-20200629;[]
CBN-PdlC-D4-20130807;[]
CBN-Pla-A2-20180816;[1391743]
CBN-PdlC-F5-20150701;[]
CBN-PdlC-A1-20200812;[]
CBN-PdlC-F4-20140901;[1393657]
CBN-PdlC-E6-20180702;[]
CBN-PdlC-E3-20180702;[]
CBN-Pla-E6-20160707;[]
CBN-PdlC-D6-20200722;[]
CBN-PdlC-A2-20190701;[]
CBN-Pla-A2-20160707;[1390872]
CBN-Pla-B5-20130808;[1741599]
CBN-PdlC-D2-20190701;[]
CBN-PdlC-D5-20190701;[]
CBN-PdlC-B3-20130807;[1393862]
OPTMix-0214-P3-196-20231010;[]
CBN-PdlC-D3-20150720;[]
CBN-PdlC-D4-20150831;[]
CBN-PdlC-A3-20140721;[1392250]
CBN-Pla-F1-20190723;[]
RNNB-2-5-20230512;[]
CBN-PdlC-B6-20130903;[]
CBN-PdlC-C2-20130903;[]
CBN-Pla-A1-20160728;[1363309]
CBN-PdlC-B6-20190812;[]
CBN-Pla-F4-20130904;[]
CBN-PdlC-A4-20190812;[]
CBN-PdlC-E1-20190909;[]
CBN-Pla-D2-20150723;[]
CBN-PdlC-D5-20180723;[]
CBN-Pla-D1-20150901;[]
CBN-PdlC-E1-20150810;[]
RNNB-3-7-20240117;[]
RNNB-6-1-20240117;[1358918]
CBN-PdlC-B4-20180815;[]
CBN-Pla-C1-20130904;[]
RNNB-1-1-20230512;[1722522]
CBN-Pla-D1-20150702;[]
CBN-Pla-C6-20190723;[]
CBN-Pla-A5-20130724;[]
CBN-Pla-B4-20200723;[1741589]
CBN-PdlC-E2-20130723;[1363991]
CBN-Pla-B3-20140902;[]
CBN-Pla-B5-20200723;[]
CBN-PdlC-C4-20130903;[]
CBN-PdlC-C1-20180723;[]
CBN-Pla-B1-20180724;[]
CBN-can-F5-20230706;[]
CBN-Pla-D3-20150811;[]
CBN-Pla-C1-20190723;[]
CBN-Pla-F5-20130904;[1392015]
RNNB-6-9-20240117;[]
OPTMix-0598-P2-102-20231205;[]
CBN-PdlC-E5-20190909;[]
CBN-PdlC-B2-20170906;[]
CBN-Pla-C5-20150901;[]
CBN-PdlC-F6-20160705;[1718548]
CBN-Pla-D6-20150901;[]
CBN-Pla-C6-20130808;[1741599]
CBN-Pla-C4-20160728;[]
CBN-Pla-B1-20200630;[]
CBN-Pla-B5-20150723;[]
CBN-PdlC-B4-20190722;[]
CBN-PdlC-D4-20170906;[]
CBN-PdlC-E3-20170816;[]
CBN-Pla-F6-20160707;[]
CBN-Pla-A5-20150702;[]
CBN-PdlC-F2-20170906;[]
CBN-Pla-A3-20140722;[]
CBN-PdlC-F1-20190812;[1389330]
CBN-PdlC-B1-20160726;[]
CBN-PdlC-B5-20180815;[]
CBN-Pla-F1-20180724;[]
CBN-can-E5-20230706;[]
CBN-PdlC-E4-20160705;[]
CBN-Pla-B3-20180724;[]
CBN-PdlC-F3-20150810;[1652912]
CBN-PdlC-E1-20190812;[1720968]
CBN-Pla-D5-20140722;[]
CBN-Pla-E3-20180906;[1391743]
CBN-Pla-C2-20150702;[]
CBN-PdlC-D4-20180815;[]
CBN-Pla-E5-20150723;[]
CBN-Pla-B2-20130904;[]
RNNB-6-6-20240118;[]
CBN-PdlC-F2-20180723;[]
CBN-PdlC-D4-20160726;[1724565]
CBN-Pla-C4-20130904;[]
CBN-PdlC-D3-20180905;[]
CBN-PdlC-F4-20180815;[]
CBN-Pla-A2-20180906;[1720968]
CBN-PdlC-E5-20180815;[]
CBN-PdlC-F3-20180815;[]
RNNB-8-7-20240118;[]
CBN-PdlC-D6-20140901;[]
CBN-Pla-C5-20190723;[1722407]
CBN-Pla-A6-20180816;[]
CBN-Pla-B4-20180724;[1722407]
CBN-PdlC-B5-20140901;[1737422, 1743944]
CBN-PdlC-C1-20130903;[]
CBN-Pla-E3-20190814;[]
CBN-PdlC-C3-20160726;[1652912]
CBN-Pla-B5-20130724;[]
CBN-PdlC-E2-20150810;[]
CBN-PdlC-E5-20160726;[]
CBN-PdlC-D2-20180723;[]
CBN-PdlC-F2-20150720;[1664563]
CBN-PdlC-A2-20150720;[]
CBN-PdlC-E4-20180905;[]
CBN-PdlC-D5-20190722;[1363553, 1652912]
OPTMix-0200-11006-20231009;[1361889]
CBN-PdlC-B6-20140630;[]
CBN-Pla-F4-20180816;[]
CBN-PdlC-C4-20160705;[]
CBN-PdlC-B3-20200629;[]
CBN-PdlC-D1-20190909;[]
RNNB-6-5-20240117;[]
CBN-PdlC-C6-20170816;[]
CBN-Pla-E6-20200723;[]
CBN-PdlC-B3-20190701;[]
CBN-PdlC-F5-20140630;[]
CBN-PdlC-D3-20160726;[]
CBN-PdlC-C3-20150701;[1361281, 1531145]
CBN-PdlC-A4-20150810;[]
CBN-Pla-E2-20130808;[]
CBN-Pla-B3-20180906;[1359506]
CBN-Pla-C4-20180724;[1391846]
CBN-PdlC-F6-20180702;[]
CBN-PdlC-A2-20160705;[]
CBN-PdlC-F6-20190812;[]
CBN-PdlC-D6-20150810;[]
CBN-Pla-A1-20140812;[]
CBN-PdlC-F6-20160726;[]
CBN-PdlC-B4-20140901;[1395190]
OPTMix-0214-P2-64-20231010;[1361000]
CBN-PdlC-C5-20170816;[]
CBN-Pla-A3-20190723;[]
CBN-Pla-D2-20200814;[]
CBN-PdlC-D5-20200812;[]
CBN-PdlC-D5-20140721;[]
CBN-PdlC-A5-20160705;[]
CBN-PdlC-D6-20180723;[]
OPTMix-0108-P1-427-20231006;[]
CBN-Pla-C6-20180724;[]
CBN-PdlC-F2-20140630;[]
CBN-PdlC-A1-20190812;[]
CBN-Pla-D5-20150723;[]
CBN-PdlC-F1-20200812;[]
CBN-Pla-E3-20140902;[1392015]
CBN-Pla-D3-20140722;[1356370, 1391846, 1722407]
CBN-PdlC-D5-20130903;[1652912, 1720968]
CBN-PdlC-B3-20180905;[]
CBN-Pla-C4-20140902;[]
CBN-Pla-C4-20180816;[]
CBN-PdlC-D1-20180723;[]
OPTMix-0214-P1-207-20231010;[]
CBN-PdlC-A1-20140811;[]
CBN-Pla-D4-20200723;[]
CBN-Pla-C1-20200814;[]
CBN-Pla-E3-20200723;[]
CBN-PdlC-C5-20130903;[1361944]
CBN-Pla-B6-20140812;[]
CBN-PdlC-C1-20200812;[]
CBN-PdlC-E4-20190812;[]
CBN-PdlC-C6-20150701;[]
CBN-PdlC-A2-20190812;[]
CBN-PdlC-A1-20130807;[]
CBN-Pla-E3-20150811;[]
CBN-Pla-E3-20130808;[]
RNNB-6-10-20240117;[]
RNNB-5-10-20240118;[1357962, 1358918]
CBN-PdlC-A6-20190909;[]
CBN-Pla-E1-20200814;[]
CBN-PdlC-F2-20190701;[]
RNNB-1-5-20230512;[]
OPTMix-0333-P2-112-20231212;[]
CBN-Pla-B5-20150811;[1363309]
CBN-PdlC-E3-20190909;[]
CBN-PdlC-E5-20150810;[]
CBN-PdlC-F4-20150810;[]
CBN-PdlC-D1-20180815;[]
CBN-PdlC-C5-20150701;[1397376]
CBN-Pla-F6-20130904;[1392015]
CBN-PdlC-F5-20160705;[]
CBN-Pla-F6-20150702;[1651233]
CBN-PdlC-B5-20190812;[1360110]
CBN-Pla-D2-20150811;[]
CBN-PdlC-A3-20190701;[]
CBN-Pla-D6-20150702;[]
CBN-Pla-E4-20150811;[]
CBN-PdlC-D3-20170816;[]
RNNB-7-2-20240118;[1357962, 1741589]
OPTMix-012-P1-143-20231201;[]
OPTMix-0333-P2-115-20231212;[]
CBN-PdlC-A4-20170906;[]
CBN-Pla-D6-20130904;[]
CBN-PdlC-E1-20190701;[]
CBN-PdlC-E6-20160726;[1358379]
CBN-Pla-A1-20190814;[1391743]
CBN-Pla-F5-20140902;[1361091]
CBN-PdlC-A4-20190722;[1363891]
CBN-PdlC-C1-20140811;[]
CBN-PdlC-C5-20200812;[]
OPTMix-0178-P1-552-20231006;[]
CBN-PdlC-D1-20160726;[]
CBN-PdlC-C2-20160726;[]
CBN-PdlC-E3-20190701;[]
CBN-Pla-C6-20160728;[]
CBN-Pla-F1-20180906;[1403109]
CBN-Pla-B1-20140902;[]
CBN-Pla-A6-20150901;[]
CBN-PdlC-D1-20190701;[]
CBN-PdlC-A2-20180723;[]
CBN-Pla-E2-20140722;[]
CBN-Pla-D4-20140722;[]
CBN-Pla-A3-20140812;[]
CBN-Pla-E4-20160728;[]
CBN-PdlC-E5-20200812;[]
CBN-PdlC-F2-20130903;[]
CBN-PdlC-F2-20130807;[]
CBN-Pla-F1-20190814;[]
CBN-Pla-A1-20150811;[1652912]
CBN-PdlC-F4-20190701;[]
CBN-PdlC-E3-20150720;[]
CBN-PdlC-B2-20180723;[]
CBN-Pla-F2-20180724;[]
CBN-Pla-E2-20150901;[]
CBN-PdlC-F1-20150831;[]
CBN-Pla-B4-20130904;[]
RNNB-2-9-20240117;[]
CBN-Pla-A1-20200723;[]
CBN-can-C2-20230705;[]
CBN-PdlC-F4-20160705;[]
CBN-PdlC-C3-20170906;[]
CBN-Pla-F5-20140722;[]
CBN-PdlC-E2-20140811;[]
CBN-PdlC-A3-20190722;[]
OPTMix-0108-P1-312-20231006;[1397084]
CBN-PdlC-B4-20190909;[]
CBN-Pla-C3-20150723;[1392015]
RNNB-6-10-20240118;[]
CBN-Pla-E6-20130808;[1363579]
CBN-PdlC-D6-20190701;[]
CBN-PdlC-C2-20140901;[]
CBN-Pla-B4-20190723;[]
CBN-Pla-C3-20160728;[]
CBN-PdlC-D6-20150701;[]
CBN-PdlC-F3-20160726;[1652912]
CBN-PdlC-E6-20150810;[]
CBN-PdlC-A6-20150831;[1397475]
CBN-Pla-C5-20140722;[1391846]
CBN-Pla-D4-20160707;[1651233]
CBN-Pla-F6-20200814;[]
CBN-Pla-B2-20160707;[]
OPTMix-0598-P4-104-20231207;[]
CBN-PdlC-E2-20150831;[]
CBN-Pla-B2-20190723;[]
CBN-PdlC-A5-20190909;[]
CBN-Pla-B4-20150702;[]
CBN-Pla-D1-20130808;[1361437]
OPTMix-012-P1-208-20231201;[]
CBN-PdlC-C2-20150720;[]
CBN-PdlC-E3-20190812;[]
CBN-Pla-C3-20140722;[]
CBN-PdlC-B4-20170906;[]
CBN-PdlC-F5-20200722;[]
CBN-Pla-C5-20160707;[]
CBN-PdlC-E2-20180723;[]
RNNB-4-7-20240118;[1406473]
CBN-PdlC-F6-20170816;[]
CBN-Pla-B4-20150901;[1363309]
CBN-Pla-B2-20200814;[]
CBN-PdlC-B2-20190812;[]
CBN-Pla-D4-20130904;[]
CBN-Pla-E3-20150702;[]
CBN-PdlC-D5-20140901;[]
RNNB-6-6-20240117;[1357962]
CBN-Pla-B4-20140812;[]
CBN-Pla-C5-20180906;[]
CBN-Pla-C2-20180724;[]
CBN-Pla-A5-20180906;[]
CBN-PdlC-E3-20200722;[]
RNNB-2-10-20240117;[1722501]
CBN-Pla-C6-20200723;[]
CBN-Pla-C3-20130904;[]
CBN-Pla-C1-20180816;[]
RNNB-3-5-20240117;[]
CBN-PdlC-F6-20170906;[]
CBN-Pla-F1-20160728;[]
CBN-PdlC-C5-20200722;[1724565, 1737422]
RNNB-2-3-20240117;[]
CBN-PdlC-C2-20200812;[]
CBN-PdlC-D2-20190909;[]
CBN-PdlC-B4-20180905;[]
RNNB-6-8-20240117;[1425584]
CBN-Pla-B4-20190814;[]
CBN-PdlC-F5-20130903;[]
CBN-PdlC-D6-20150720;[]
CBN-Pla-F1-20180816;[]
CBN-Pla-A3-20150901;[]
CBN-Pla-A1-20140722;[]
CBN-PdlC-E3-20140811;[]
RNNB-7-8-20240118;[]
CBN-PdlC-A1-20130903;[]
CBN-PdlC-B3-20160726;[1391833]
CBN-PdlC-A1-20170906;[]
CBN-Pla-E1-20190814;[1392819]
CBN-Pla-E1-20190723;[]
CBN-Pla-E4-20130904;[1392015]
CBN-PdlC-D5-20180905;[]
CBN-PdlC-F6-20190722;[]
CBN-Pla-E3-20140722;[]
CBN-Pla-E6-20140722;[]
CBN-PdlC-A1-20180815;[]
CBN-PdlC-A6-20180702;[]
CBN-Pla-B4-20130808;[1397524]
CBN-PdlC-E6-20150701;[]
CBN-PdlC-C4-20160726;[1737422]
RNNB-4-1-20240117;[1361703]
CBN-Pla-B4-20140902;[]
OPTMix-0593-P1-129-20231205;[]
CBN-PdlC-D5-20170816;[]
CBN-PdlC-B6-20180905;[]
CBN-PdlC-A3-20130903;[]
CBN-Pla-F1-20150901;[]
CBN-PdlC-D6-20160726;[]
CBN-Pla-A6-20180724;[1356370]
CBN-Pla-F1-20160707;[]
CBN-Pla-A2-20190814;[]
CBN-PdlC-C1-20150701;[1359650]
CBN-PdlC-F4-20170816;[]
CBN-PdlC-F5-20170816;[]
RNNB-1-2-20240117;[]
CBN-Pla-E4-20160707;[]
CBN-PdlC-B1-20200629;[]
OPTMix-0333-P1-107-20231212;[1356228]
CBN-PdlC-A2-20180702;[]
CBN-PdlC-C2-20160705;[]
CBN-Pla-A6-20180906;[]
CBN-PdlC-B3-20200812;[]
OPTMix-0200-P3-127-20231009;[]
CBN-Pla-C4-20150702;[]
CBN-Pla-C3-20150811;[]
RNNB-7-1-20240118;[]
CBN-PdlC-A1-20200629;[]
CBN-Pla-A1-20160707;[]
CBN-PdlC-F6-20130903;[]
CBN-PdlC-A3-20150720;[]
CBN-PdlC-B3-20140811;[]
CBN-Pla-B4-20160707;[]
CBN-PdlC-D2-20140721;[]
CBN-Pla-E5-20130904;[]
RNNB-3-11-20230512;[1363553]
CBN-Pla-C3-20150702;[]
CBN-PdlC-E5-20140811;[]
CBN-Pla-E1-20150723;[]
CBN-Pla-F6-20140722;[]
CBN-Pla-C5-20130904;[]
CBN-PdlC-A6-20200812;[]
CBN-PdlC-A1-20140901;[]
CBN-Pla-B3-20130904;[]
CBN-Pyr-03-20230706;[]
CBN-Pla-D5-20150901;[]
CBN-PdlC-F4-20180702;[]
CBN-Pla-D1-20150811;[]
CBN-Pla-F3-20180816;[]
CBN-Pla-F5-20180724;[]
CBN-Pla-E2-20200630;[]
CBN-PdlC-A6-20180815;[]
CBN-PdlC-A6-20160705;[1395190]
RNNB-2-10-20230512;[]
CBN-PdlC-B5-20130903;[]
CBN-PdlC-A3-20170816;[]
CBN-Pla-E6-20180906;[]
OPTMix-0200-P3-108-20231009;[1363553]
CBN-PdlC-C6-20190909;[]
CBN-PdlC-E5-20170816;[]
CBN-can-B5-20230705;[]
CBN-PdlC-B1-20150720;[1393845]
CBN-PdlC-C3-20140721;[1741599]
CBN-Pla-E6-20140902;[]
CBN-PdlC-A4-20140811;[]
CBN-PdlC-C1-20190701;[]
CBN-Pla-D3-20180724;[1391846]
CBN-Pla-D4-20150811;[]
CBN-Pla-E2-20200814;[1363309]
CBN-Pla-B2-20190814;[]
CBN-PdlC-C6-20190722;[]
CBN-PdlC-A3-20150831;[]
OPTMix-0598-P2-86-20231207;[]
CBN-PdlC-F5-20130723;[]
CBN-PdlC-C4-20130807;[]
CBN-Pla-D6-20190814;[]
CBN-PdlC-B4-20200812;[]
CBN-Pla-E6-20150811;[1363309]
CBN-Pla-B6-20200814;[]
CBN-PdlC-B2-20170816;[]
CBN-PdlC-F2-20190909;[]
CBN-Pla-D4-20180724;[1391846]
CBN-PdlC-E1-20130723;[]
CBN-PdlC-C5-20190909;[]
CBN-PdlC-D1-20170906;[]
CBN-Pla-A3-20130808;[]
CBN-Pla-B4-20150811;[]
CBN-PdlC-B4-20170816;[]
CBN-PdlC-D1-20150810;[]
CBN-PdlC-A4-20190909;[]
CBN-PdlC-D2-20150810;[]
CBN-Pla-B6-20150702;[]
CBN-Pla-A2-20150723;[1392015]
CBN-PdlC-C1-20140721;[]
CBN-PdlC-F3-20170816;[]
RNNB-3-7-20230512;[]
CBN-Pla-F4-20200630;[]
CBN-Pla-C2-20180816;[]
CBN-Pla-B1-20160728;[1397942]
CBN-PdlC-C3-20130903;[]
RNNB-5-7-20240118;[]
CBN-Pla-B5-20200814;[1363309]
CBN-PdlC-B6-20190701;[]
CBN-PdlC-E1-20150701;[]
CBN-Pla-F2-20150723;[]
CBN-PdlC-A2-20150831;[1397213]
CBN-Pla-E4-20180816;[]
CBN-PdlC-A5-20140721;[]
CBN-PdlC-C1-20180815;[]
CBN-PdlC-D2-20180905;[]
CBN-Pla-D2-20140722;[1391846]
CBN-Pla-D3-20150702;[]
RNNB-1-4-20230512;[]
CBN-PdlC-C4-20140721;[]
CBN-PdlC-B6-20140901;[]
CBN-PdlC-D2-20150720;[]
CBN-PdlC-B1-20150701;[1392250]
CBN-PdlC-F1-20140721;[]
CBN-PdlC-F5-20150720;[]
OPTMix-083-P3-186-20231110;[]
CBN-PdlC-F6-20200722;[]
CBN-Pla-D2-20140902;[1392015]
CBN-Pla-F4-20130808;[]
CBN-PdlC-D1-20150701;[]
CBN-PdlC-A5-20170816;[]
RNNB-1-5-20240117;[]
CBN-Pla-E5-20140902;[]
CBN-PdlC-F6-20130807;[]
CBN-Pla-A2-20200723;[]
CBN-PdlC-B1-20190812;[]
CBN-PdlC-F3-20140901;[]
CBN-Pla-A2-20150901;[]
CBN-Pla-C2-20160728;[]
CBN-PdlC-E6-20140630;[]
CBN-PdlC-E6-20160705;[]
CBN-PdlC-B1-20180723;[]
RNNB-1-10-20240117;[1425895]
CBN-Pla-B2-20150811;[]
CBN-Pla-F5-20150811;[]
RNNB-3-10-20240117;[1722501]
CBN-Pla-E5-20190814;[]
CBN-PdlC-C6-20180723;[]
CBN-PdlC-E5-20130723;[]
CBN-Pla-D5-20150811;[]
CBN-Pla-A3-20180724;[]
CBN-Pla-D2-20160728;[1392015]
RNNB-3-8-20230512;[]
CBN-Pla-C6-20180816;[1393315]
CBN-Pla-E3-20160707;[]
CBN-PdlC-A1-20180702;[1356370]
CBN-Pla-B4-20180906;[]
CBN-PdlC-D1-20140901;[]
CBN-PdlC-B5-20130807;[]
CBN-PdlC-A6-20150810;[1397475]
CBN-PdlC-F2-20160726;[]
CBN-PdlC-F5-20140721;[]
CBN-Pla-E5-20150702;[]
CBN-PdlC-A6-20140721;[]
OPTMix-0255-11233-20231009;[]
CBN-PdlC-F6-20150701;[]
CBN-Pla-A4-20200814;[]
CBN-PdlC-D1-20150831;[]
CBN-PdlC-C1-20190722;[1737422]
RNNB-4-3-20240118;[]
CBN-PdlC-D6-20150831;[1389028, 1391419]
CBN-Pla-D6-20140902;[]
CBN-PdlC-D5-20170906;[]
CBN-Pla-C6-20160707;[]
CBN-Pla-D2-20130904;[1391743]
CBN-Pla-B3-20190723;[]
CBN-Pla-A6-20160707;[]
CBN-Pla-C2-20190723;[]
CBN-PdlC-E2-20140630;[]
CBN-Pla-C4-20150901;[1361067]
RNNB-7-5-20240118;[1361437]
CBN-Pla-C1-20160728;[]
CBN-PdlC-C2-20150701;[1358733]
CBN-PdlC-F3-20170906;[]
CBN-Pla-B1-20130808;[]
CBN-Pla-B6-20130808;[]
OPTMix-0333-P2-108-20231212;[]
CBN-PdlC-B2-20190722;[]
CBN-Pla-B3-20200723;[]
RNNB-2-4-20230512;[]
